0,0,0,95.29541015625,0,-46.7138671875,0
0,0,0,95.3173828125,0,-46.7138671875,0
0,0,0,95.3173828125,0,-46.7138671875,0
0,0,0,95.3173828125,0,-46.7138671875,0
0,0,0,95.3173828125,0,-46.7138671875,0
0,0,0,95.3173828125,0,-46.7138671875,0
0,0,0,95.3173828125,0,-46.7138671875,0
0,0,0,95.3173828125,0,-46.7138671875,0
0,0,0,95.3173828125,0,-46.7138671875,0
0,0,0,95.3173828125,0,-46.7138671875,0
0,0,0,95.3173828125,0,-46.7138671875,0
0,0,0,95.3173828125,0,-46.7138671875,0
0,0,0,95.33935546875,0,-46.7138671875,0
0,0,0,95.33935546875,0,-46.7138671875,0
0,0,0,95.33935546875,0,-46.7138671875,0
0,0,0,95.33935546875,0,-46.7138671875,0
0,0,0,95.33935546875,0,-46.7138671875,0
0,0,0,95.33935546875,0,-46.7138671875,0
0,0,0,95.33935546875,0,-46.7138671875,0
0,0,0,95.33935546875,0,-46.7138671875,0
0,0,0,95.33935546875,0,-46.7138671875,0
0,0,0,95.33935546875,0,-46.7138671875,0
0,0,0,95.33935546875,0,-46.7138671875,0
0,0,0,95.33935546875,0,-46.7138671875,0
0,0,0,95.33935546875,0,-46.7138671875,0
0,0,0,95.361328125,0,-46.7138671875,0
0,0,0,95.33935546875,0,-46.7138671875,0
0,0,0,95.361328125,0,-46.7138671875,0
0,0,0,95.361328125,0,-46.7138671875,0
0,0,0,95.361328125,0,-46.7138671875,0
0,0,0,95.361328125,0,-46.7138671875,0
0,0,0,95.361328125,0,-46.7138671875,0
0,0,0,95.361328125,0,-46.7138671875,0
0,0,0,95.361328125,0,-46.7138671875,0
0,0,0,95.361328125,0,-46.7138671875,0
0,0,0,95.361328125,0,-46.7138671875,0
0,0,0,95.361328125,0,-46.7138671875,0
0,0,0,95.361328125,0,-46.7138671875,0
0,0,0,95.361328125,0,-46.7138671875,0
0,0,0,95.361328125,0,-46.7138671875,0
0,0,0,95.361328125,0,-46.7138671875,0
0,0,0,95.38330078125,0,-46.7138671875,0
0,0,0,95.38330078125,0,-46.7138671875,0
0,0,0,95.38330078125,0,-46.7138671875,0
0,0,0,95.38330078125,0,-46.7138671875,0
0,0,0,95.38330078125,0,-46.7138671875,0
0,0,0,95.38330078125,0,-46.7138671875,0
0,0,0,95.38330078125,0,-46.7138671875,0
0,0,0,95.38330078125,0,-46.7138671875,0
0,0,0,95.38330078125,0,-46.7138671875,0
0,0,0,95.38330078125,0,-46.7138671875,0
0,0,0,95.38330078125,0,-46.7138671875,0
0,0,0,95.38330078125,0,-46.7138671875,0
0,0,0,95.4052734375,0,-46.7138671875,0
0,0,0,95.4052734375,0,-46.7138671875,0
0,0,0,95.4052734375,0,-46.7138671875,0
0,0,0,95.4052734375,0,-46.7138671875,0
0,0,0,95.4052734375,0,-46.7138671875,0
0,0,0,95.4052734375,0,-46.7138671875,0
0,0,0,95.4052734375,0,-46.7138671875,0
0,0,0,95.4052734375,0,-46.7138671875,0
0,0,0,95.4052734375,0,-46.7138671875,0
0,0,0,95.4052734375,0,-46.7138671875,0
0,0,0,95.4052734375,0,-46.7138671875,0
0,0,0,95.4052734375,0,-46.7138671875,0
0,0,0,95.4052734375,0,-46.7138671875,0
0,0,0,95.4052734375,0,-46.7138671875,0
0,0,0,95.4052734375,0,-46.7138671875,0
0,0,0,95.42724609375,0,-46.7138671875,0
0,0,0,95.42724609375,0,-46.7138671875,0
0,0,0,95.42724609375,0,-46.7138671875,0
0,0,0,95.42724609375,0,-46.7138671875,0
0,0,0,95.42724609375,0,-46.7138671875,0
0,0,0,95.42724609375,0,-46.7138671875,0
0,0,0,95.42724609375,0,-46.69189453125,0
0,0,0,95.42724609375,0,-46.7138671875,0
0,0,0,95.42724609375,0,-46.69189453125,0
0,0,0,95.42724609375,0,-46.7138671875,0
0,0,0,95.42724609375,0,-46.7138671875,0
0,0,0,95.44921875,0,-46.7138671875,0
0,0,0,95.44921875,0,-46.7138671875,0
0,0,0,95.44921875,0,-46.7138671875,0
0,0,0,95.44921875,0,-46.7138671875,0
0,0,0,95.44921875,0,-46.7138671875,0
0,0,0,95.44921875,0,-46.7138671875,0
0,0,0,95.44921875,0,-46.7138671875,0
0,0,0,95.44921875,0,-46.7138671875,0
0,0,0,95.44921875,0,-46.69189453125,0
0,0,0,95.44921875,0,-46.69189453125,0
0,0,0,95.44921875,0,-46.69189453125,0
0,0,0,95.47119140625,0,-46.69189453125,0
0,0,0,95.47119140625,0,-46.69189453125,0
0,0,0,95.47119140625,0,-46.69189453125,0
0,0,0,95.47119140625,0,-46.69189453125,0
0,0,0,95.47119140625,0,-46.69189453125,0
0,0,0,95.47119140625,0,-46.69189453125,0
0,0,0,95.47119140625,0,-46.69189453125,0
0,0,0,95.47119140625,0,-46.69189453125,0
0,0,0,95.47119140625,0,-46.69189453125,0
0,0,0,95.47119140625,0,-46.69189453125,0
0,0,0,95.47119140625,0,-46.69189453125,0
0,0,0,95.4931640625,0,-46.69189453125,0
0,0,0,95.4931640625,0,-46.69189453125,0
0,0,0,95.4931640625,0,-46.69189453125,0
0,0,0,95.4931640625,0,-46.69189453125,0
0,0,0,95.4931640625,0,-46.69189453125,0
0,0,0,95.4931640625,0,-46.69189453125,0
0,0,0,95.4931640625,0,-46.7138671875,0
0,0,0,95.4931640625,0,-46.7138671875,0
0,0,0,95.4931640625,0,-46.7138671875,0
0,0,0,95.4931640625,0,-46.7138671875,0
0,0,0,95.4931640625,0,-46.7138671875,0
0,0,0,95.4931640625,0,-46.7138671875,0
0,0,0,95.4931640625,0,-46.7138671875,0
0,0,0,95.4931640625,0,-46.7138671875,0
0,0,0,95.4931640625,0,-46.7138671875,0
0,0,0,95.51513671875,0,-46.7138671875,0
0,0,0,95.51513671875,0,-46.7138671875,0
0,0,0,95.51513671875,0,-46.7138671875,0
0,0,0,95.51513671875,0,-46.7138671875,0
0,0,0,95.51513671875,0,-46.7138671875,0
0,0,0,95.51513671875,0,-46.7138671875,0
0,0,0,95.51513671875,0,-46.7138671875,0
0,0,0,95.51513671875,0,-46.7138671875,0
0,0,0,95.51513671875,0,-46.7138671875,0
0,0,0,95.51513671875,0,-46.7138671875,0
0,0,0,95.51513671875,0,-46.7138671875,0
0,0,0,95.51513671875,0,-46.7138671875,0
0,0,0,95.51513671875,0,-46.7138671875,0
0,0,0,95.51513671875,0,-46.7138671875,0
0,0,0,95.51513671875,0,-46.7138671875,0
0,0,0,95.51513671875,0,-46.7138671875,0
0,0,0,95.537109375,0,-46.7138671875,0
0,0,0,95.51513671875,0,-46.7138671875,0
0,0,0,95.537109375,0,-46.7138671875,0
0,0,0,95.537109375,0,-46.7138671875,0
0,0,0,95.537109375,0,-46.69189453125,0
0,0,0,95.537109375,0,-46.7138671875,0
0,0,0,95.537109375,0,-46.69189453125,0
0,0,0,95.537109375,0,-46.7138671875,0
0,0,0,95.537109375,0,-46.69189453125,0
0,0,0,95.537109375,0,-46.69189453125,0
0,0,0,95.537109375,0,-46.69189453125,0
0,0,0,95.537109375,0,-46.69189453125,0
0,0,0,95.537109375,0,-46.69189453125,0
0,0,0,95.537109375,0,-46.69189453125,0
0,0,0,95.55908203125,0,-46.69189453125,0
0,0,0,95.55908203125,0,-46.69189453125,0
0,0,0,95.55908203125,0,-46.69189453125,0
0,0,0,95.55908203125,0,-46.69189453125,0
0,0,0,95.55908203125,0,-46.69189453125,0
0,0,0,95.55908203125,0,-46.69189453125,0
0,0,0,95.55908203125,0,-46.69189453125,0
0,0,0,95.55908203125,0,-46.69189453125,0
0,0,0,95.55908203125,0,-46.69189453125,0
0,0,0,95.55908203125,0,-46.69189453125,0
0,0,0,95.55908203125,0,-46.69189453125,0
0,0,0,95.55908203125,0,-46.69189453125,0
0,0,0,95.55908203125,0,-46.69189453125,0
0,0,0,95.55908203125,0,-46.69189453125,0
0,0,0,95.55908203125,0,-46.69189453125,0
0,0,0,95.5810546875,0,-46.69189453125,0
0,0,0,95.5810546875,0,-46.69189453125,0
0,0,0,95.5810546875,0,-46.69189453125,0
0,0,0,95.5810546875,0,-46.69189453125,0
0,0,0,95.5810546875,0,-46.69189453125,0
0,0,0,95.5810546875,0,-46.69189453125,0
0,0,0,95.5810546875,0,-46.69189453125,0
0,0,0,95.5810546875,0,-46.69189453125,0
0,0,0,95.5810546875,0,-46.69189453125,0
0,0,0,95.5810546875,0,-46.69189453125,0
0,0,0,95.5810546875,0,-46.69189453125,0
0,0,0,95.5810546875,0,-46.69189453125,0
0,0,0,95.5810546875,0,-46.69189453125,0
0,0,0,95.60302734375,0,-46.69189453125,0
0,0,0,95.5810546875,0,-46.69189453125,0
0,0,0,95.60302734375,0,-46.69189453125,0
0,0,0,95.60302734375,0,-46.69189453125,0
0,0,0,95.60302734375,0,-46.69189453125,0
0,0,0,95.60302734375,0,-46.69189453125,0
0,0,0,95.60302734375,0,-46.69189453125,0
0,0,0,95.60302734375,0,-46.69189453125,0
0,0,0,95.60302734375,0,-46.69189453125,0
0,0,0,95.60302734375,0,-46.69189453125,0
0,0,0,95.60302734375,0,-46.69189453125,0
0,0,0,95.60302734375,0,-46.7138671875,0
0,0,0,95.60302734375,0,-46.69189453125,0
0,0,0,95.60302734375,0,-46.7138671875,0
0,0,0,95.60302734375,0,-46.69189453125,0
0,0,0,95.625,0,-46.69189453125,0
0,0,0,95.625,0,-46.69189453125,0
0,0,0,95.60302734375,0,-46.69189453125,0
0,0,0,95.625,0,-46.69189453125,0
0,0,0,95.625,0,-46.69189453125,0
0,0,0,95.625,0,-46.69189453125,0
0,0,0,95.625,0,-46.69189453125,0
0,0,0,95.625,0,-46.7138671875,0
0,0,0,95.625,0,-46.69189453125,0
0,0,0,95.625,0,-46.7138671875,0
0,0,0,95.625,0,-46.69189453125,0
0,0,0,95.625,0,-46.7138671875,0
0,0,0,95.625,0,-46.69189453125,0
0,0,0,95.625,0,-46.7138671875,0
0,0,0,95.64697265625,0,-46.69189453125,0
0,0,0,95.64697265625,0,-46.7138671875,0
0,0,0,95.64697265625,0,-46.69189453125,0
0,0,0,95.64697265625,0,-46.69189453125,0
0,0,0,95.64697265625,0,-46.69189453125,0
0,0,0,95.64697265625,0,-46.69189453125,0
0,0,0,95.64697265625,0,-46.69189453125,0
0,0,0,95.64697265625,0,-46.69189453125,0
0,0,0,95.64697265625,0,-46.69189453125,0
0,0,0,95.64697265625,0,-46.69189453125,0
0,0,0,95.64697265625,0,-46.69189453125,0
0,0,0,95.64697265625,0,-46.69189453125,0
0,0,0,95.6689453125,0,-46.69189453125,0
0,0,0,95.6689453125,0,-46.69189453125,0
0,0,0,95.6689453125,0,-46.69189453125,0
0,0,0,95.6689453125,0,-46.69189453125,0
0,0,0,95.6689453125,0,-46.69189453125,0
0,0,0,95.6689453125,0,-46.69189453125,0
0,0,0,95.6689453125,0,-46.69189453125,0
0,0,0,95.6689453125,0,-46.69189453125,0
0,0,0,95.6689453125,0,-46.69189453125,0
0,0,0,95.6689453125,0,-46.69189453125,0
0,0,0,95.6689453125,0,-46.69189453125,0
0,0,0,95.6689453125,0,-46.69189453125,0
0,0,0,95.6689453125,0,-46.69189453125,0
0,0,0,95.69091796875,0,-46.69189453125,0
0,0,0,95.69091796875,0,-46.69189453125,0
0,0,0,95.69091796875,0,-46.69189453125,0
0,0,0,95.69091796875,0,-46.69189453125,0
0,0,0,95.69091796875,0,-46.69189453125,0
0,0,0,95.69091796875,0,-46.69189453125,0
0,0,0,95.69091796875,0,-46.69189453125,0
0,0,0,95.69091796875,0,-46.69189453125,0
0,0,0,95.69091796875,0,-46.69189453125,0
0,0,0,95.69091796875,0,-46.69189453125,0
0,0,0,95.69091796875,0,-46.69189453125,0
0,0,0,95.69091796875,0,-46.69189453125,0
0,0,0,95.69091796875,0,-46.69189453125,0
0,0,0,95.69091796875,0,-46.69189453125,0
0,0,0,95.69091796875,0,-46.69189453125,0
0,0,0,95.712890625,0,-46.69189453125,0
0,0,0,95.712890625,0,-46.69189453125,0
0,0,0,95.712890625,0,-46.69189453125,0
0,0,0,95.712890625,0,-46.69189453125,0
0,0,0,95.712890625,0,-46.69189453125,0
0,0,0,95.712890625,0,-46.69189453125,0
0,0,0,95.712890625,0,-46.69189453125,0
0,0,0,95.712890625,0,-46.69189453125,0
0,0,0,95.712890625,0,-46.69189453125,0
0,0,0,95.712890625,0,-46.69189453125,0
0,0,0,95.712890625,0,-46.69189453125,0
0,0,0,95.712890625,0,-46.69189453125,0
0,0,0,95.712890625,0,-46.69189453125,0
0,0,0,95.712890625,0,-46.69189453125,0
0,0,0,95.712890625,0,-46.69189453125,0
0,0,0,95.73486328125,0,-46.69189453125,0
0,0,0,95.73486328125,0,-46.7138671875,0
0,0,0,95.73486328125,0,-46.69189453125,0
0,0,0,95.73486328125,0,-46.7138671875,0
0,0,0,95.73486328125,0,-46.69189453125,0
0,0,0,95.73486328125,0,-46.69189453125,0
0,0,0,95.73486328125,0,-46.69189453125,0
0,0,0,95.73486328125,0,-46.69189453125,0
0,0,0,95.73486328125,0,-46.69189453125,0
0,0,0,95.73486328125,0,-46.69189453125,0
0,0,0,95.73486328125,0,-46.69189453125,0
0,0,0,95.73486328125,0,-46.69189453125,0
0,0,0,95.73486328125,0,-46.7138671875,0
0,0,0,95.73486328125,0,-46.69189453125,0
0,0,0,95.73486328125,0,-46.7138671875,0
0,0,0,95.7568359375,0,-46.69189453125,0
0,0,0,95.7568359375,0,-46.69189453125,0
0,0,0,95.7568359375,0,-46.69189453125,0
0,0,0,95.7568359375,0,-46.69189453125,0
0,0,0,95.7568359375,0,-46.69189453125,0
0,0,0,95.7568359375,0,-46.69189453125,0
0,0,0,95.7568359375,0,-46.69189453125,0
0,0,0,95.7568359375,0,-46.69189453125,0
0,0,0,95.7568359375,0,-46.69189453125,0
0,0,0,95.7568359375,0,-46.7138671875,0
0,0,0,95.7568359375,0,-46.69189453125,0
0,0,0,95.7568359375,0,-46.7138671875,0
0,0,0,95.7568359375,0,-46.69189453125,0
0,0,0,95.7568359375,0,-46.7138671875,0
0,0,0,95.7568359375,0,-46.69189453125,0
0,0,0,95.77880859375,0,-46.69189453125,0
0,0,0,95.77880859375,0,-46.69189453125,0
0,0,0,95.77880859375,0,-46.69189453125,0
0,0,0,95.77880859375,0,-46.69189453125,0
0,0,0,95.77880859375,0,-46.69189453125,0
0,0,0,95.77880859375,0,-46.69189453125,0
0,0,0,95.77880859375,0,-46.69189453125,0
0,0,0,95.77880859375,0,-46.69189453125,0
0,0,0,95.77880859375,0,-46.69189453125,0
0,0,0,95.77880859375,0,-46.69189453125,0
0,0,0,95.77880859375,0,-46.69189453125,0
0,0,0,95.77880859375,0,-46.69189453125,0
0,0,0,95.77880859375,0,-46.69189453125,0
0,0,0,95.77880859375,0,-46.69189453125,0
0,0,0,95.77880859375,0,-46.69189453125,0
0,0,0,95.77880859375,0,-46.69189453125,0
0,0,0,95.80078125,0,-46.69189453125,0
0,0,0,95.80078125,0,-46.69189453125,0
0,0,0,95.80078125,0,-46.69189453125,0
0,0,0,95.80078125,0,-46.69189453125,0
0,0,0,95.80078125,0,-46.69189453125,0
0,0,0,95.80078125,0,-46.69189453125,0
0,0,0,95.80078125,0,-46.69189453125,0
0,0,0,95.80078125,0,-46.69189453125,0
0,0,0,95.80078125,0,-46.69189453125,0
0,0,0,95.80078125,0,-46.69189453125,0
0,0,0,95.80078125,0,-46.69189453125,0
0,0,0,95.80078125,0,-46.69189453125,0
0,0,0,95.80078125,0,-46.69189453125,0
0,0,0,95.80078125,0,-46.69189453125,0
0,0,0,95.80078125,0,-46.69189453125,0
0,0,0,95.80078125,0,-46.69189453125,0
0,0,0,95.82275390625,0,-46.69189453125,0
0,0,0,95.82275390625,0,-46.69189453125,0
0,0,0,95.82275390625,0,-46.69189453125,0
0,0,0,95.82275390625,0,-46.69189453125,0
0,0,0,95.82275390625,0,-46.69189453125,0
0,0,0,95.82275390625,0,-46.69189453125,0
0,0,0,95.82275390625,0,-46.69189453125,0
0,0,0,95.82275390625,0,-46.69189453125,0
0,0,0,95.82275390625,0,-46.69189453125,0
0,0,0,95.82275390625,0,-46.69189453125,0
0,0,0,95.82275390625,0,-46.69189453125,0
0,0,0,95.86669921875,0,-46.69189453125,0
0,0,0,95.86669921875,0,-46.69189453125,0
0,0,0,95.86669921875,0,-46.69189453125,0
0,0,0,95.86669921875,0,-46.69189453125,0
0,0,0,95.86669921875,0,-46.69189453125,0
0,0,0,95.86669921875,0,-46.69189453125,0
0,0,0,95.86669921875,0,-46.69189453125,0
0,0,0,95.86669921875,0,-46.69189453125,0
0,0,0,95.888671875,0,-46.69189453125,0
0,0,0,95.888671875,0,-46.69189453125,0
0,0,0,95.888671875,0,-46.69189453125,0
0,0,0,95.888671875,0,-46.69189453125,0
0,0,0,95.888671875,0,-46.69189453125,0
0,0,0,95.888671875,0,-46.69189453125,0
0,0,0,95.888671875,0,-46.69189453125,0
0,0,0,95.888671875,0,-46.69189453125,0
0,0,0,95.888671875,0,-46.69189453125,0
0,0,0,95.91064453125,0,-46.669921875,0
0,0,0,95.888671875,0,-46.69189453125,0
0,0,0,95.91064453125,0,-46.669921875,0
0,0,0,95.91064453125,0,-46.69189453125,0
0,0,0,95.91064453125,0,-46.669921875,0
0,0,0,95.91064453125,0,-46.669921875,0
0,0,0,95.91064453125,0,-46.669921875,0
0,0,0,95.91064453125,0,-46.669921875,0
0,0,0,95.91064453125,0,-46.669921875,0
0,0,0,95.91064453125,0,-46.669921875,0
0,0,0,95.91064453125,0,-46.669921875,0
0,0,0,95.91064453125,0,-46.669921875,0
0,0,0,95.91064453125,0,-46.669921875,0
0,0,0,95.91064453125,0,-46.69189453125,0
0,0,0,95.91064453125,0,-46.669921875,0
0,0,0,95.91064453125,0,-46.69189453125,0
0,0,0,95.91064453125,0,-46.669921875,0
0,0,0,95.91064453125,0,-46.69189453125,0
0,0,0,95.9326171875,0,-46.69189453125,0
0,0,0,95.9326171875,0,-46.69189453125,0
0,0,0,95.9326171875,0,-46.69189453125,0
0,0,0,95.9326171875,0,-46.69189453125,0
0,0,0,95.9326171875,0,-46.69189453125,0
0,0,0,95.9326171875,0,-46.669921875,0
0,0,0,95.9326171875,0,-46.69189453125,0
0,0,0,95.9326171875,0,-46.69189453125,0
0,0,0,95.9326171875,0,-46.69189453125,0
0,0,0,95.9326171875,0,-46.69189453125,0
0,0,0,95.9326171875,0,-46.69189453125,0
0,0,0,95.9326171875,0,-46.669921875,0
0,0,0,95.9326171875,0,-46.69189453125,0
0,0,0,95.9326171875,0,-46.669921875,0
0,0,0,95.95458984375,0,-46.669921875,0
0,0,0,95.9326171875,0,-46.669921875,0
0,0,0,95.95458984375,0,-46.669921875,0
0,0,0,95.95458984375,0,-46.69189453125,0
0,0,0,95.95458984375,0,-46.669921875,0
0,0,0,95.95458984375,0,-46.669921875,0
0,0,0,95.95458984375,0,-46.669921875,0
0,0,0,95.95458984375,0,-46.69189453125,0
0,0,0,95.95458984375,0,-46.69189453125,0
0,0,0,95.95458984375,0,-46.669921875,0
0,0,0,95.95458984375,0,-46.69189453125,0
0,0,0,95.95458984375,0,-46.669921875,0
0,0,0,95.95458984375,0,-46.69189453125,0
0,0,0,95.95458984375,0,-46.69189453125,0
0,0,0,95.95458984375,0,-46.69189453125,0
0,0,0,95.9765625,0,-46.69189453125,0
0,0,0,95.9765625,0,-46.69189453125,0
0,0,0,95.9765625,0,-46.69189453125,0
0,0,0,95.9765625,0,-46.69189453125,0
0,0,0,95.9765625,0,-46.69189453125,0
0,0,0,95.9765625,0,-46.69189453125,0
0,0,0,95.9765625,0,-46.69189453125,0
0,0,0,95.9765625,0,-46.69189453125,0
0,0,0,95.9765625,0,-46.69189453125,0
0,0,0,95.9765625,0,-46.69189453125,0
0,0,0,95.9765625,0,-46.69189453125,0
0,0,0,95.9765625,0,-46.69189453125,0
0,0,0,95.99853515625,0,-46.69189453125,0
0,0,0,95.99853515625,0,-46.69189453125,0
0,0,0,95.99853515625,0,-46.69189453125,0
0,0,0,95.99853515625,0,-46.69189453125,0
0,0,0,95.99853515625,0,-46.69189453125,0
0,0,0,95.99853515625,0,-46.69189453125,0
0,0,0,95.99853515625,0,-46.69189453125,0
0,0,0,95.99853515625,0,-46.69189453125,0
0,0,0,95.99853515625,0,-46.69189453125,0
0,0,0,95.99853515625,0,-46.69189453125,0
0,0,0,95.99853515625,0,-46.69189453125,0
0,0,0,95.99853515625,0,-46.69189453125,0
0,0,0,95.99853515625,0,-46.69189453125,0
0,0,0,95.99853515625,0,-46.69189453125,0
0,0,0,96.0205078125,0,-46.69189453125,0
0,0,0,95.99853515625,0,-46.69189453125,0
0,0,0,96.0205078125,0,-46.69189453125,0
0,0,0,96.0205078125,0,-46.69189453125,0
0,0,0,96.0205078125,0,-46.69189453125,0
0,0,0,96.0205078125,0,-46.69189453125,0
0,0,0,96.0205078125,0,-46.69189453125,0
0,0,0,96.0205078125,0,-46.69189453125,0
0,0,0,96.0205078125,0,-46.69189453125,0
0,0,0,96.0205078125,0,-46.69189453125,0
0,0,0,96.0205078125,0,-46.69189453125,0
0,0,0,96.0205078125,0,-46.69189453125,0
0,0,0,96.0205078125,0,-46.69189453125,0
0,0,0,96.0205078125,0,-46.69189453125,0
0,0,0,96.04248046875,0,-46.69189453125,0
0,0,0,96.04248046875,0,-46.69189453125,0
0,0,0,96.04248046875,0,-46.69189453125,0
0,0,0,96.04248046875,0,-46.69189453125,0
0,0,0,96.04248046875,0,-46.69189453125,0
0,0,0,96.04248046875,0,-46.69189453125,0
0,0,0,96.04248046875,0,-46.69189453125,0
0,0,0,96.04248046875,0,-46.69189453125,0
0,0,0,96.04248046875,0,-46.69189453125,0
0,0,0,96.04248046875,0,-46.69189453125,0
0,0,0,96.04248046875,0,-46.69189453125,0
0,0,0,96.04248046875,0,-46.69189453125,0
0,0,0,96.04248046875,0,-46.69189453125,0
0,0,0,96.04248046875,0,-46.69189453125,0
0,0,0,96.064453125,0,-46.69189453125,0
0,0,0,96.064453125,0,-46.69189453125,0
0,0,0,96.064453125,0,-46.69189453125,0
0,0,0,96.064453125,0,-46.69189453125,0
0,0,0,96.064453125,0,-46.69189453125,0
0,0,0,96.064453125,0,-46.69189453125,0
0,0,0,96.064453125,0,-46.69189453125,0
0,0,0,96.064453125,0,-46.69189453125,0
0,0,0,96.064453125,0,-46.69189453125,0
0,0,0,96.064453125,0,-46.69189453125,0
0,0,0,96.064453125,0,-46.69189453125,0
0,0,0,96.064453125,0,-46.69189453125,0
0,0,0,96.08642578125,0,-46.69189453125,0
0,0,0,96.08642578125,0,-46.69189453125,0
0,0,0,96.08642578125,0,-46.69189453125,0
0,0,0,96.08642578125,0,-46.69189453125,0
0,0,0,96.08642578125,0,-46.69189453125,0
0,0,0,96.08642578125,0,-46.69189453125,0
0,0,0,96.08642578125,0,-46.69189453125,0
0,0,0,96.08642578125,0,-46.69189453125,0
0,0,0,96.08642578125,0,-46.69189453125,0
0,0,0,96.08642578125,0,-46.69189453125,0
0,0,0,96.08642578125,0,-46.69189453125,0
0,0,0,96.08642578125,0,-46.69189453125,0
0,0,0,96.08642578125,0,-46.69189453125,0
0,0,0,96.08642578125,0,-46.69189453125,0
0,0,0,96.08642578125,0,-46.69189453125,0
0,0,0,96.08642578125,0,-46.69189453125,0
0,0,0,96.08642578125,0,-46.69189453125,0
0,0,0,96.08642578125,0,-46.69189453125,0
0,0,0,96.1083984375,0,-46.69189453125,0
0,0,0,96.1083984375,0,-46.69189453125,0
0,0,0,96.1083984375,0,-46.69189453125,0
0,0,0,96.1083984375,0,-46.69189453125,0
0,0,0,96.1083984375,0,-46.69189453125,0
0,0,0,96.1083984375,0,-46.69189453125,0
0,0,0,96.1083984375,0,-46.69189453125,0
0,0,0,96.1083984375,0,-46.69189453125,0
0,0,0,96.1083984375,0,-46.69189453125,0
0,0,0,96.1083984375,0,-46.69189453125,0
0,0,0,96.1083984375,0,-46.69189453125,0
0,0,0,96.1083984375,0,-46.69189453125,0
0,0,0,96.1083984375,0,-46.69189453125,0
0,0,0,96.1083984375,0,-46.69189453125,0
0,0,0,96.1083984375,0,-46.69189453125,0
0,0,0,96.1083984375,0,-46.69189453125,0
0,0,0,96.1083984375,0,-46.69189453125,0
0,0,0,96.13037109375,0,-46.69189453125,0
0,0,0,96.13037109375,0,-46.69189453125,0
0,0,0,96.13037109375,0,-46.69189453125,0
0,0,0,96.13037109375,0,-46.69189453125,0
0,0,0,96.13037109375,0,-46.69189453125,0
0,0,0,96.13037109375,0,-46.69189453125,0
0,0,0,96.13037109375,0,-46.69189453125,0
0,0,0,96.13037109375,0,-46.69189453125,0
0,0,0,96.13037109375,0,-46.69189453125,0
0,0,0,96.13037109375,0,-46.69189453125,0
0,0,0,96.13037109375,0,-46.69189453125,0
0,0,0,96.13037109375,0,-46.69189453125,0
0,0,0,96.13037109375,0,-46.69189453125,0
0,0,0,96.13037109375,0,-46.69189453125,0
0,0,0,96.13037109375,0,-46.69189453125,0
0,0,0,96.13037109375,0,-46.69189453125,0
0,0,0,96.13037109375,0,-46.69189453125,0
0,0,0,96.13037109375,0,-46.69189453125,0
0,0,0,96.13037109375,0,-46.69189453125,0
0,0,0,96.13037109375,0,-46.69189453125,0
0,0,0,96.15234375,0,-46.69189453125,0
0,0,0,96.15234375,0,-46.69189453125,0
0,0,0,96.15234375,0,-46.69189453125,0
0,0,0,96.15234375,0,-46.69189453125,0
0,0,0,96.15234375,0,-46.69189453125,0
0,0,0,96.15234375,0,-46.69189453125,0
0,0,0,96.15234375,0,-46.69189453125,0
0,0,0,96.15234375,0,-46.69189453125,0
0,0,0,96.15234375,0,-46.69189453125,0
0,0,0,96.17431640625,0,-46.69189453125,0
0,0,0,96.15234375,0,-46.69189453125,0
0,0,0,96.17431640625,0,-46.69189453125,0
0,0,0,96.17431640625,0,-46.69189453125,0
0,0,0,96.17431640625,0,-46.69189453125,0
0,0,0,96.17431640625,0,-46.69189453125,0
0,0,0,96.17431640625,0,-46.69189453125,0
0,0,0,96.17431640625,0,-46.69189453125,0
0,0,0,96.17431640625,0,-46.69189453125,0
0,0,0,96.17431640625,0,-46.69189453125,0
0,0,0,96.17431640625,0,-46.69189453125,0
0,0,0,96.17431640625,0,-46.69189453125,0
0,0,0,96.17431640625,0,-46.69189453125,0
0,0,0,96.1962890625,0,-46.69189453125,0
0,0,0,96.1962890625,0,-46.69189453125,0
0,0,0,96.1962890625,0,-46.69189453125,0
0,0,0,96.1962890625,0,-46.69189453125,0
0,0,0,96.1962890625,0,-46.69189453125,0
0,0,0,96.1962890625,0,-46.69189453125,0
0,0,0,96.1962890625,0,-46.69189453125,0
0,0,0,96.1962890625,0,-46.69189453125,0
0,0,0,96.1962890625,0,-46.69189453125,0
0,0,0,96.1962890625,0,-46.69189453125,0
0,0,0,96.1962890625,0,-46.69189453125,0
0,0,0,96.1962890625,0,-46.69189453125,0
0,0,0,96.1962890625,0,-46.69189453125,0
0,0,0,96.21826171875,0,-46.69189453125,0
0,0,0,96.21826171875,0,-46.69189453125,0
0,0,0,96.21826171875,0,-46.69189453125,0
0,0,0,96.21826171875,0,-46.69189453125,0
0,0,0,96.21826171875,0,-46.69189453125,0
0,0,0,96.21826171875,0,-46.69189453125,0
0,0,0,96.21826171875,0,-46.69189453125,0
0,0,0,96.21826171875,0,-46.7138671875,0
0,0,0,96.21826171875,0,-46.7138671875,0
0,0,0,96.21826171875,0,-46.7138671875,0
0,0,0,96.21826171875,0,-46.7138671875,0
0,0,0,96.21826171875,0,-46.7138671875,0
0,0,0,96.21826171875,0,-46.7138671875,0
0,0,0,96.21826171875,0,-46.7138671875,0
0,0,0,96.21826171875,0,-46.7138671875,0
0,0,0,96.21826171875,0,-46.7138671875,0
0,0,0,96.21826171875,0,-46.7138671875,0
0,0,0,96.240234375,0,-46.7138671875,0
0,0,0,96.240234375,0,-46.7138671875,0
0,0,0,96.240234375,0,-46.7138671875,0
0,0,0,96.240234375,0,-46.7138671875,0
0,0,0,96.240234375,0,-46.7138671875,0
0,0,0,96.240234375,0,-46.7138671875,0
0,0,0,96.240234375,0,-46.7138671875,0
0,0,0,96.240234375,0,-46.7138671875,0
0,0,0,96.240234375,0,-46.7138671875,0
0,0,0,96.240234375,0,-46.7138671875,0
0,0,0,96.240234375,0,-46.7138671875,0
0,0,0,96.240234375,0,-46.7138671875,0
0,0,0,96.240234375,0,-46.7138671875,0
0,0,0,96.240234375,0,-46.7138671875,0
0,0,0,96.240234375,0,-46.7138671875,0
0,0,0,96.26220703125,0,-46.7138671875,0
0,0,0,96.26220703125,0,-46.7138671875,0
0,0,0,96.26220703125,0,-46.7138671875,0
0,0,0,96.26220703125,0,-46.7138671875,0
0,0,0,96.26220703125,0,-46.7138671875,0
0,0,0,96.26220703125,0,-46.7138671875,0
0,0,0,96.26220703125,0,-46.7138671875,0
0,0,0,96.26220703125,0,-46.7138671875,0
0,0,0,96.26220703125,0,-46.7138671875,0
0,0,0,96.26220703125,0,-46.7138671875,0
0,0,0,96.26220703125,0,-46.7138671875,0
0,0,0,96.26220703125,0,-46.73583984375,0
0,0,0,96.26220703125,0,-46.73583984375,0
0,0,0,96.2841796875,0,-46.73583984375,0
0,0,0,96.2841796875,0,-46.73583984375,0
0,0,0,96.2841796875,0,-46.73583984375,0
0,0,0,96.2841796875,0,-46.73583984375,0
0,0,0,96.2841796875,0,-46.73583984375,0
0,0,0,96.2841796875,0,-46.73583984375,0
0,0,0,96.2841796875,0,-46.73583984375,0
0,0,0,96.2841796875,0,-46.73583984375,0
0,0,0,96.2841796875,0,-46.73583984375,0
0,0,0,96.2841796875,0,-46.73583984375,0
0,0,0,96.30615234375,0,-46.73583984375,0
0,0,0,96.30615234375,0,-46.7138671875,0
0,0,0,96.30615234375,0,-46.73583984375,0
0,0,0,96.30615234375,0,-46.7138671875,0
0,0,0,96.30615234375,0,-46.73583984375,0
0,0,0,96.30615234375,0,-46.7138671875,0
0,0,0,96.30615234375,0,-46.73583984375,0
0,0,0,96.30615234375,0,-46.7138671875,0
0,0,0,96.30615234375,0,-46.7138671875,0
0,0,0,96.30615234375,0,-46.7138671875,0
0,0,0,96.30615234375,0,-46.73583984375,0
0,0,0,96.30615234375,0,-46.7138671875,0
0,0,0,96.30615234375,0,-46.73583984375,0
0,0,0,96.30615234375,0,-46.7138671875,0
0,0,0,96.30615234375,0,-46.73583984375,0
0,0,0,96.328125,0,-46.7138671875,0
0,0,0,96.30615234375,0,-46.73583984375,0
0,0,0,96.328125,0,-46.7138671875,0
0,0,0,96.328125,0,-46.73583984375,0
0,0,0,96.328125,0,-46.73583984375,0
0,0,0,96.328125,0,-46.73583984375,0
0,0,0,96.328125,0,-46.73583984375,0
0,0,0,96.328125,0,-46.73583984375,0
0,0,0,96.328125,0,-46.73583984375,0
0,0,0,96.328125,0,-46.7138671875,0
0,0,0,96.328125,0,-46.7138671875,0
0,0,0,96.328125,0,-46.7138671875,0
0,0,0,96.328125,0,-46.7138671875,0
0,0,0,96.328125,0,-46.7138671875,0
0,0,0,96.328125,0,-46.7138671875,0
0,0,0,96.328125,0,-46.7138671875,0
0,0,0,96.328125,0,-46.7138671875,0
0,0,0,96.35009765625,0,-46.7138671875,0
0,0,0,96.35009765625,0,-46.7138671875,0
0,0,0,96.35009765625,0,-46.7138671875,0
0,0,0,96.35009765625,0,-46.7138671875,0
0,0,0,96.35009765625,0,-46.7138671875,0
0,0,0,96.35009765625,0,-46.7138671875,0
0,0,0,96.35009765625,0,-46.7138671875,0
0,0,0,96.35009765625,0,-46.7138671875,0
0,0,0,96.35009765625,0,-46.7138671875,0
0,0,0,96.35009765625,0,-46.7138671875,0
0,0,0,96.35009765625,0,-46.7138671875,0
0,0,0,96.35009765625,0,-46.7138671875,0
0,0,0,96.35009765625,0,-46.7138671875,0
0,0,0,96.35009765625,0,-46.7138671875,0
0,0,0,96.35009765625,0,-46.7138671875,0
0,0,0,96.3720703125,0,-46.7138671875,0
0,0,0,96.3720703125,0,-46.7138671875,0
0,0,0,96.3720703125,0,-46.7138671875,0
0,0,0,96.3720703125,0,-46.7138671875,0
0,0,0,96.3720703125,0,-46.7138671875,0
0,0,0,96.3720703125,0,-46.7138671875,0
0,0,0,96.3720703125,0,-46.7138671875,0
0,0,0,96.3720703125,0,-46.7138671875,0
0,0,0,96.3720703125,0,-46.73583984375,0
0,0,0,96.3720703125,0,-46.7138671875,0
0,0,0,96.3720703125,0,-46.73583984375,0
0,0,0,96.3720703125,0,-46.73583984375,0
0,0,0,96.3720703125,0,-46.73583984375,0
0,0,0,96.39404296875,0,-46.73583984375,0
0,0,0,96.39404296875,0,-46.73583984375,0
0,0,0,96.39404296875,0,-46.7138671875,0
0,0,0,96.39404296875,0,-46.73583984375,0
0,0,0,96.39404296875,0,-46.73583984375,0
0,0,0,96.39404296875,0,-46.73583984375,0
0,0,0,96.39404296875,0,-46.73583984375,0
0,0,0,96.39404296875,0,-46.7138671875,0
0,0,0,96.39404296875,0,-46.73583984375,0
0,0,0,96.39404296875,0,-46.7138671875,0
0,0,0,96.39404296875,0,-46.7138671875,0
0,0,0,96.39404296875,0,-46.7138671875,0
0,0,0,96.39404296875,0,-46.7138671875,0
0,0,0,96.39404296875,0,-46.7138671875,0
0,0,0,96.39404296875,0,-46.7138671875,0
0,0,0,96.416015625,0,-46.7138671875,0
0,0,0,96.416015625,0,-46.7138671875,0
0,0,0,96.416015625,0,-46.7138671875,0
0,0,0,96.416015625,0,-46.7138671875,0
0,0,0,96.416015625,0,-46.7138671875,0
0,0,0,96.416015625,0,-46.7138671875,0
0,0,0,96.416015625,0,-46.7138671875,0
0,0,0,96.416015625,0,-46.7138671875,0
0,0,0,96.416015625,0,-46.7138671875,0
0,0,0,96.416015625,0,-46.7138671875,0
0,0,0,96.43798828125,0,-46.7138671875,0
0,0,0,96.43798828125,0,-46.7138671875,0
0,0,0,96.43798828125,0,-46.7138671875,0
0,0,0,96.43798828125,0,-46.7138671875,0
0,0,0,96.43798828125,0,-46.7138671875,0
0,0,0,96.43798828125,0,-46.7138671875,0
0,0,0,96.43798828125,0,-46.7138671875,0
0,0,0,96.43798828125,0,-46.7138671875,0
0,0,0,96.43798828125,0,-46.7138671875,0
0,0,0,96.43798828125,0,-46.69189453125,0
0,0,0,96.43798828125,0,-46.7138671875,0
0,0,0,96.43798828125,0,-46.69189453125,0
0,0,0,96.43798828125,0,-46.7138671875,0
0,0,0,96.43798828125,0,-46.69189453125,0
0,0,0,96.43798828125,0,-46.7138671875,0
0,0,0,96.4599609375,0,-46.69189453125,0
0,0,0,96.43798828125,0,-46.7138671875,0
0,0,0,96.4599609375,0,-46.69189453125,0
0,0,0,96.4599609375,0,-46.7138671875,0
0,0,0,96.4599609375,0,-46.69189453125,0
0,0,0,96.4599609375,0,-46.69189453125,0
0,0,0,96.4599609375,0,-46.69189453125,0
0,0,0,96.4599609375,0,-46.69189453125,0
0,0,0,96.4599609375,0,-46.69189453125,0
0,0,0,96.4599609375,0,-46.69189453125,0
0,0,0,96.4599609375,0,-46.69189453125,0
0,0,0,96.4599609375,0,-46.69189453125,0
0,0,0,96.48193359375,0,-46.69189453125,0
0,0,0,96.48193359375,0,-46.69189453125,0
0,0,0,96.48193359375,0,-46.69189453125,0
0,0,0,96.48193359375,0,-46.69189453125,0
0,0,0,96.48193359375,0,-46.69189453125,0
0,0,0,96.48193359375,0,-46.69189453125,0
0,0,0,96.48193359375,0,-46.69189453125,0
0,0,0,96.48193359375,0,-46.69189453125,0
0,0,0,96.48193359375,0,-46.69189453125,0
0,0,0,96.48193359375,0,-46.669921875,0
0,0,0,96.48193359375,0,-46.69189453125,0
0,0,0,96.50390625,0,-46.669921875,0
0,0,0,96.50390625,0,-46.69189453125,0
0,0,0,96.50390625,0,-46.669921875,0
0,0,0,96.50390625,0,-46.669921875,0
0,0,0,96.50390625,0,-46.669921875,0
0,0,0,96.50390625,0,-46.669921875,0
0,0,0,96.50390625,0,-46.669921875,0
0,0,0,96.50390625,0,-46.669921875,0
0,0,0,96.50390625,0,-46.669921875,0
0,0,0,96.50390625,0,-46.669921875,0
0,0,0,96.50390625,0,-46.669921875,0
0,0,0,96.50390625,0,-46.669921875,0
0,0,0,96.52587890625,0,-46.669921875,0
0,0,0,96.50390625,0,-46.69189453125,0
0,0,0,96.52587890625,0,-46.69189453125,0
0,0,0,96.52587890625,0,-46.69189453125,0
0,0,0,96.52587890625,0,-46.69189453125,0
0,0,0,96.52587890625,0,-46.69189453125,0
0,0,0,96.52587890625,0,-46.69189453125,0
0,0,0,96.52587890625,0,-46.69189453125,0
0,0,0,96.52587890625,0,-46.69189453125,0
0,0,0,96.52587890625,0,-46.69189453125,0
0,0,0,96.52587890625,0,-46.69189453125,0
0,0,0,96.52587890625,0,-46.69189453125,0
0,0,0,96.52587890625,0,-46.69189453125,0
0,0,0,96.52587890625,0,-46.69189453125,0
0,0,0,96.52587890625,0,-46.69189453125,0
0,0,0,96.52587890625,0,-46.69189453125,0
0,0,0,96.52587890625,0,-46.69189453125,0
0,0,0,96.52587890625,0,-46.69189453125,0
0,0,0,96.5478515625,0,-46.69189453125,0
0,0,0,96.5478515625,0,-46.69189453125,0
0,0,0,96.5478515625,0,-46.69189453125,0
0,0,0,96.5478515625,0,-46.69189453125,0
0,0,0,96.5478515625,0,-46.669921875,0
0,0,0,96.5478515625,0,-46.69189453125,0
0,0,0,96.5478515625,0,-46.69189453125,0
0,0,0,96.5478515625,0,-46.69189453125,0
0,0,0,96.5478515625,0,-46.69189453125,0
0,0,0,96.5478515625,0,-46.69189453125,0
0,0,0,96.5478515625,0,-46.69189453125,0
0,0,0,96.5478515625,0,-46.69189453125,0
0,0,0,96.5478515625,0,-46.69189453125,0
0,0,0,96.5478515625,0,-46.69189453125,0
0,0,0,96.56982421875,0,-46.69189453125,0
0,0,0,96.56982421875,0,-46.669921875,0
0,0,0,96.56982421875,0,-46.669921875,0
0,0,0,96.56982421875,0,-46.669921875,0
0,0,0,96.56982421875,0,-46.669921875,0
0,0,0,96.56982421875,0,-46.669921875,0
0,0,0,96.56982421875,0,-46.69189453125,0
0,0,0,96.56982421875,0,-46.669921875,0
0,0,0,96.56982421875,0,-46.669921875,0
0,0,0,96.591796875,0,-46.669921875,0
0,0,0,96.591796875,0,-46.669921875,0
0,0,0,96.591796875,0,-46.669921875,0
0,0,0,96.591796875,0,-46.669921875,0
0,0,0,96.591796875,0,-46.669921875,0
0,0,0,96.591796875,0,-46.669921875,0
0,0,0,96.591796875,0,-46.669921875,0
0,0,0,96.591796875,0,-46.669921875,0
0,0,0,96.591796875,0,-46.669921875,0
0,0,0,96.591796875,0,-46.669921875,0
0,0,0,96.591796875,0,-46.64794921875,0
0,0,0,96.61376953125,0,-46.669921875,0
0,0,0,96.61376953125,0,-46.669921875,0
0,0,0,96.61376953125,0,-46.669921875,0
0,0,0,96.61376953125,0,-46.669921875,0
0,0,0,96.61376953125,0,-46.669921875,0
0,0,0,96.61376953125,0,-46.669921875,0
0,0,0,96.61376953125,0,-46.669921875,0
0,0,0,96.61376953125,0,-46.669921875,0
0,0,0,96.61376953125,0,-46.669921875,0
0,0,0,96.61376953125,0,-46.669921875,0
0,0,0,96.61376953125,0,-46.669921875,0
0,0,0,96.61376953125,0,-46.669921875,0
0,0,0,96.61376953125,0,-46.669921875,0
0,0,0,96.61376953125,0,-46.669921875,0
0,0,0,96.61376953125,0,-46.669921875,0
0,0,0,96.6357421875,0,-46.669921875,0
0,0,0,96.6357421875,0,-46.669921875,0
0,0,0,96.6357421875,0,-46.669921875,0
0,0,0,96.6357421875,0,-46.669921875,0
0,0,0,96.6357421875,0,-46.669921875,0
0,0,0,96.6357421875,0,-46.669921875,0
0,0,0,96.6357421875,0,-46.669921875,0
0,0,0,96.6357421875,0,-46.669921875,0
0,0,0,96.6357421875,0,-46.669921875,0
0,0,0,96.6357421875,0,-46.669921875,0
0,0,0,96.6357421875,0,-46.669921875,0
0,0,0,96.6357421875,0,-46.669921875,0
0,0,0,96.6357421875,0,-46.669921875,0
0,0,0,96.6357421875,0,-46.669921875,0
0,0,0,96.65771484375,0,-46.669921875,0
0,0,0,96.65771484375,0,-46.669921875,0
0,0,0,96.65771484375,0,-46.669921875,0
0,0,0,96.65771484375,0,-46.669921875,0
0,0,0,96.65771484375,0,-46.669921875,0
0,0,0,96.65771484375,0,-46.669921875,0
0,0,0,96.65771484375,0,-46.669921875,0
0,0,0,96.65771484375,0,-46.669921875,0
0,0,0,96.65771484375,0,-46.669921875,0
0,0,0,96.65771484375,0,-46.669921875,0
0,0,0,96.65771484375,0,-46.669921875,0
0,0,0,96.65771484375,0,-46.669921875,0
0,0,0,96.65771484375,0,-46.669921875,0
0,0,0,96.65771484375,0,-46.669921875,0
0,0,0,96.65771484375,0,-46.669921875,0
0,0,0,96.65771484375,0,-46.669921875,0
0,0,0,96.6796875,0,-46.669921875,0
0,0,0,96.6796875,0,-46.669921875,0
0,0,0,96.6796875,0,-46.669921875,0
0,0,0,96.6796875,0,-46.669921875,0
0,0,0,96.6796875,0,-46.669921875,0
0,0,0,96.6796875,0,-46.669921875,0
0,0,0,96.6796875,0,-46.669921875,0
0,0,0,96.6796875,0,-46.669921875,0
0,0,0,96.6796875,0,-46.669921875,0
0,0,0,96.6796875,0,-46.669921875,0
0,0,0,96.6796875,0,-46.669921875,0
0,0,0,96.6796875,0,-46.669921875,0
0,0,0,96.6796875,0,-46.669921875,0
0,0,0,96.6796875,0,-46.669921875,0
0,0,0,96.6796875,0,-46.669921875,0
0,0,0,96.6796875,0,-46.669921875,0
0,0,0,96.70166015625,0,-46.669921875,0
0,0,0,96.70166015625,0,-46.669921875,0
0,0,0,96.70166015625,0,-46.669921875,0
0,0,0,96.70166015625,0,-46.669921875,0
0,0,0,96.70166015625,0,-46.669921875,0
0,0,0,96.70166015625,0,-46.669921875,0
0,0,0,96.70166015625,0,-46.669921875,0
0,0,0,96.70166015625,0,-46.669921875,0
0,0,0,96.70166015625,0,-46.669921875,0
0,0,0,96.70166015625,0,-46.669921875,0
0,0,0,96.70166015625,0,-46.669921875,0
0,0,0,96.70166015625,0,-46.669921875,0
0,0,0,96.70166015625,0,-46.669921875,0
0,0,0,96.70166015625,0,-46.669921875,0
0,0,0,96.70166015625,0,-46.669921875,0
0,0,0,96.7236328125,0,-46.669921875,0
0,0,0,96.70166015625,0,-46.669921875,0
0,0,0,96.7236328125,0,-46.669921875,0
0,0,0,96.7236328125,0,-46.669921875,0
0,0,0,96.7236328125,0,-46.669921875,0
0,0,0,96.7236328125,0,-46.669921875,0
0,0,0,96.7236328125,0,-46.669921875,0
0,0,0,96.7236328125,0,-46.669921875,0
0,0,0,96.7236328125,0,-46.669921875,0
0,0,0,96.7236328125,0,-46.669921875,0
0,0,0,96.7236328125,0,-46.669921875,0
0,0,0,96.7236328125,0,-46.669921875,0
0,0,0,96.7236328125,0,-46.669921875,0
0,0,0,96.7236328125,0,-46.669921875,0
0,0,0,96.7236328125,0,-46.669921875,0
0,0,0,96.74560546875,0,-46.669921875,0
0,0,0,96.74560546875,0,-46.669921875,0
0,0,0,96.74560546875,0,-46.669921875,0
0,0,0,96.74560546875,0,-46.69189453125,0
0,0,0,96.74560546875,0,-46.69189453125,0
0,0,0,96.74560546875,0,-46.669921875,0
0,0,0,96.74560546875,0,-46.69189453125,0
0,0,0,96.74560546875,0,-46.669921875,0
0,0,0,96.74560546875,0,-46.669921875,0
0,0,0,96.74560546875,0,-46.669921875,0
0,0,0,96.74560546875,0,-46.669921875,0
0,0,0,96.74560546875,0,-46.69189453125,0
0,0,0,96.74560546875,0,-46.69189453125,0
0,0,0,96.74560546875,0,-46.69189453125,0
0,0,0,96.74560546875,0,-46.69189453125,0
0,0,0,96.767578125,0,-46.669921875,0
0,0,0,96.767578125,0,-46.69189453125,0
0,0,0,96.767578125,0,-46.669921875,0
0,0,0,96.767578125,0,-46.69189453125,0
0,0,0,96.767578125,0,-46.69189453125,0
0,0,0,96.767578125,0,-46.69189453125,0
0,0,0,96.767578125,0,-46.69189453125,0
0,0,0,96.767578125,0,-46.69189453125,0
0,0,0,96.767578125,0,-46.69189453125,0
0,0,0,96.767578125,0,-46.69189453125,0
0,0,0,96.767578125,0,-46.669921875,0
0,0,0,96.767578125,0,-46.69189453125,0
0,0,0,96.767578125,0,-46.69189453125,0
0,0,0,96.767578125,0,-46.69189453125,0
0,0,0,96.767578125,0,-46.69189453125,0
0,0,0,96.767578125,0,-46.69189453125,0
0,0,0,96.767578125,0,-46.69189453125,0
0,0,0,96.767578125,0,-46.69189453125,0
0,0,0,96.78955078125,0,-46.69189453125,0
0,0,0,96.78955078125,0,-46.69189453125,0
0,0,0,96.78955078125,0,-46.69189453125,0
0,0,0,96.78955078125,0,-46.69189453125,0
0,0,0,96.78955078125,0,-46.69189453125,0
0,0,0,96.78955078125,0,-46.69189453125,0
0,0,0,96.78955078125,0,-46.69189453125,0
0,0,0,96.78955078125,0,-46.69189453125,0
0,0,0,96.78955078125,0,-46.69189453125,0
0,0,0,96.78955078125,0,-46.69189453125,0
0,0,0,96.78955078125,0,-46.69189453125,0
0,0,0,96.78955078125,0,-46.69189453125,0
0,0,0,96.78955078125,0,-46.69189453125,0
0,0,0,96.78955078125,0,-46.69189453125,0
0,0,0,96.78955078125,0,-46.69189453125,0
0,0,0,96.78955078125,0,-46.69189453125,0
0,0,0,96.78955078125,0,-46.69189453125,0
0,0,0,96.8115234375,0,-46.69189453125,0
0,0,0,96.78955078125,0,-46.69189453125,0
0,0,0,96.78955078125,0,-46.69189453125,0
0,0,0,96.78955078125,0,-46.69189453125,0
0,0,0,96.78955078125,0,-46.69189453125,0
0,0,0,96.8115234375,0,-46.69189453125,0
0,0,0,96.8115234375,0,-46.69189453125,0
0,0,0,96.8115234375,0,-46.69189453125,0
0,0,0,96.8115234375,0,-46.69189453125,0
0,0,0,96.8115234375,0,-46.69189453125,0
0,0,0,96.8115234375,0,-46.69189453125,0
0,0,0,96.8115234375,0,-46.69189453125,0
0,0,0,96.8115234375,0,-46.69189453125,0
0,0,0,96.8115234375,0,-46.69189453125,0
0,0,0,96.8115234375,0,-46.69189453125,0
0,0,0,96.83349609375,0,-46.69189453125,0
0,0,0,96.83349609375,0,-46.69189453125,0
0,0,0,96.83349609375,0,-46.69189453125,0
0,0,0,96.83349609375,0,-46.69189453125,0
0,0,0,96.83349609375,0,-46.69189453125,0
0,0,0,96.83349609375,0,-46.7138671875,0
0,0,0,96.83349609375,0,-46.7138671875,0
0,0,0,96.83349609375,0,-46.7138671875,0
0,0,0,96.83349609375,0,-46.7138671875,0
0,0,0,96.83349609375,0,-46.7138671875,0
0,0,0,96.83349609375,0,-46.7138671875,0
0,0,0,96.83349609375,0,-46.7138671875,0
0,0,0,96.83349609375,0,-46.7138671875,0
0,0,0,96.83349609375,0,-46.7138671875,0
0,0,0,96.83349609375,0,-46.7138671875,0
0,0,0,96.83349609375,0,-46.7138671875,0
0,0,0,96.83349609375,0,-46.7138671875,0
0,0,0,96.85546875,0,-46.7138671875,0
0,0,0,96.85546875,0,-46.7138671875,0
0,0,0,96.85546875,0,-46.7138671875,0
0,0,0,96.85546875,0,-46.7138671875,0
0,0,0,96.85546875,0,-46.7138671875,0
0,0,0,96.85546875,0,-46.7138671875,0
0,0,0,96.85546875,0,-46.7138671875,0
0,0,0,96.85546875,0,-46.7138671875,0
0,0,0,96.85546875,0,-46.7138671875,0
0,0,0,96.85546875,0,-46.7138671875,0
0,0,0,96.85546875,0,-46.7138671875,0
0,0,0,96.85546875,0,-46.7138671875,0
0,0,0,96.87744140625,0,-46.7138671875,0
0,0,0,96.87744140625,0,-46.7138671875,0
0,0,0,96.87744140625,0,-46.7138671875,0
0,0,0,96.87744140625,0,-46.7138671875,0
0,0,0,96.87744140625,0,-46.69189453125,0
0,0,0,96.87744140625,0,-46.69189453125,0
0,0,0,96.87744140625,0,-46.69189453125,0
0,0,0,96.87744140625,0,-46.69189453125,0
0,0,0,96.87744140625,0,-46.69189453125,0
0,0,0,96.87744140625,0,-46.69189453125,0
0,0,0,96.87744140625,0,-46.69189453125,0
0,0,0,96.8994140625,0,-46.69189453125,0
0,0,0,96.8994140625,0,-46.69189453125,0
0,0,0,96.8994140625,0,-46.69189453125,0
0,0,0,96.8994140625,0,-46.69189453125,0
0,0,0,96.8994140625,0,-46.69189453125,0
0,0,0,96.8994140625,0,-46.69189453125,0
0,0,0,96.8994140625,0,-46.69189453125,0
0,0,0,96.8994140625,0,-46.69189453125,0
0,0,0,96.8994140625,0,-46.69189453125,0
0,0,0,96.8994140625,0,-46.69189453125,0
0,0,0,96.8994140625,0,-46.69189453125,0
0,0,0,96.8994140625,0,-46.69189453125,0
0,0,0,96.8994140625,0,-46.69189453125,0
0,0,0,96.8994140625,0,-46.69189453125,0
0,0,0,96.92138671875,0,-46.69189453125,0
0,0,0,96.92138671875,0,-46.69189453125,0
0,0,0,96.92138671875,0,-46.69189453125,0
0,0,0,96.92138671875,0,-46.69189453125,0
0,0,0,96.92138671875,0,-46.69189453125,0
0,0,0,96.92138671875,0,-46.69189453125,0
0,0,0,96.92138671875,0,-46.69189453125,0
0,0,0,96.92138671875,0,-46.69189453125,0
0,0,0,96.92138671875,0,-46.69189453125,0
0,0,0,96.92138671875,0,-46.69189453125,0
0,0,0,96.92138671875,0,-46.69189453125,0
0,0,0,96.92138671875,0,-46.69189453125,0
0,0,0,96.92138671875,0,-46.69189453125,0
0,0,0,96.92138671875,0,-46.69189453125,0
0,0,0,96.92138671875,0,-46.69189453125,0
0,0,0,96.943359375,0,-46.69189453125,0
0,0,0,96.943359375,0,-46.69189453125,0
0,0,0,96.943359375,0,-46.69189453125,0
0,0,0,96.943359375,0,-46.69189453125,0
0,0,0,96.943359375,0,-46.7138671875,0
0,0,0,96.943359375,0,-46.69189453125,0
0,0,0,96.943359375,0,-46.7138671875,0
0,0,0,96.943359375,0,-46.69189453125,0
0,0,0,96.943359375,0,-46.7138671875,0
0,0,0,96.943359375,0,-46.7138671875,0
0,0,0,96.943359375,0,-46.7138671875,0
0,0,0,96.943359375,0,-46.7138671875,0
0,0,0,96.943359375,0,-46.69189453125,0
0,0,0,96.96533203125,0,-46.69189453125,0
0,0,0,96.96533203125,0,-46.69189453125,0
0,0,0,96.96533203125,0,-46.69189453125,0
0,0,0,96.96533203125,0,-46.69189453125,0
0,0,0,96.96533203125,0,-46.69189453125,0
0,0,0,96.96533203125,0,-46.7138671875,0
0,0,0,96.96533203125,0,-46.69189453125,0
0,0,0,96.96533203125,0,-46.7138671875,0
0,0,0,96.96533203125,0,-46.7138671875,0
0,0,0,96.96533203125,0,-46.7138671875,0
0,0,0,96.96533203125,0,-46.7138671875,0
0,0,0,96.96533203125,0,-46.7138671875,0
0,0,0,96.96533203125,0,-46.7138671875,0
0,0,0,96.96533203125,0,-46.7138671875,0
0,0,0,96.96533203125,0,-46.7138671875,0
0,0,0,96.96533203125,0,-46.7138671875,0
0,0,0,96.96533203125,0,-46.7138671875,0
0,0,0,96.96533203125,0,-46.7138671875,0
0,0,0,96.96533203125,0,-46.7138671875,0
0,0,0,96.9873046875,0,-46.7138671875,0
0,0,0,96.9873046875,0,-46.7138671875,0
0,0,0,96.96533203125,0,-46.7138671875,0
0,0,0,96.9873046875,0,-46.7138671875,0
0,0,0,96.9873046875,0,-46.7138671875,0
0,0,0,96.9873046875,0,-46.7138671875,0
0,0,0,96.9873046875,0,-46.7138671875,0
0,0,0,96.9873046875,0,-46.7138671875,0
0,0,0,96.9873046875,0,-46.7138671875,0
0,0,0,96.9873046875,0,-46.7138671875,0
0,0,0,96.9873046875,0,-46.7138671875,0
0,0,0,96.9873046875,0,-46.7138671875,0
0,0,0,96.9873046875,0,-46.7138671875,0
0,0,0,96.9873046875,0,-46.7138671875,0
0,0,0,96.9873046875,0,-46.7138671875,0
0,0,0,96.9873046875,0,-46.7138671875,0
0,0,0,97.00927734375,0,-46.7138671875,0
0,0,0,97.00927734375,0,-46.7138671875,0
0,0,0,97.00927734375,0,-46.7138671875,0
0,0,0,97.00927734375,0,-46.7138671875,0
0,0,0,97.00927734375,0,-46.7138671875,0
0,0,0,97.00927734375,0,-46.7138671875,0
0,0,0,97.00927734375,0,-46.7138671875,0
0,0,0,97.00927734375,0,-46.7138671875,0
0,0,0,97.00927734375,0,-46.7138671875,0
0,0,0,97.00927734375,0,-46.7138671875,0
0,0,0,97.00927734375,0,-46.7138671875,0
0,0,0,97.00927734375,0,-46.7138671875,0
0,0,0,97.03125,0,-46.7138671875,0
0,0,0,97.03125,0,-46.7138671875,0
0,0,0,97.03125,0,-46.73583984375,0
0,0,0,97.03125,0,-46.7138671875,0
0,0,0,97.03125,0,-46.73583984375,0
0,0,0,97.03125,0,-46.7138671875,0
0,0,0,97.03125,0,-46.73583984375,0
0,0,0,97.03125,0,-46.7138671875,0
0,0,0,97.03125,0,-46.73583984375,0
0,0,0,97.03125,0,-46.7138671875,0
0,0,0,97.03125,0,-46.73583984375,0
0,0,0,97.03125,0,-46.7138671875,0
0,0,0,97.03125,0,-46.73583984375,0
0,0,0,97.05322265625,0,-46.7138671875,0
0,0,0,97.03125,0,-46.73583984375,0
0,0,0,97.05322265625,0,-46.73583984375,0
0,0,0,97.05322265625,0,-46.73583984375,0
0,0,0,97.05322265625,0,-46.73583984375,0
0,0,0,97.05322265625,0,-46.73583984375,0
0,0,0,97.05322265625,0,-46.73583984375,0
0,0,0,97.05322265625,0,-46.73583984375,0
0,0,0,97.05322265625,0,-46.73583984375,0
0,0,0,97.05322265625,0,-46.73583984375,0
0,0,0,97.05322265625,0,-46.73583984375,0
0,0,0,97.05322265625,0,-46.73583984375,0
0,0,0,97.05322265625,0,-46.73583984375,0
0,0,0,97.05322265625,0,-46.73583984375,0
0,0,0,97.05322265625,0,-46.73583984375,0
0,0,0,97.05322265625,0,-46.73583984375,0
0,0,0,97.05322265625,0,-46.73583984375,0
0,0,0,97.05322265625,0,-46.73583984375,0
0,0,0,97.05322265625,0,-46.73583984375,0
0,0,0,97.05322265625,0,-46.73583984375,0
0,0,0,97.05322265625,0,-46.73583984375,0
0,0,0,97.05322265625,0,-46.73583984375,0
0,0,0,97.05322265625,0,-46.73583984375,0
0,0,0,97.0751953125,0,-46.73583984375,0
0,0,0,97.05322265625,0,-46.73583984375,0
0,0,0,97.0751953125,0,-46.73583984375,0
0,0,0,97.0751953125,0,-46.73583984375,0
0,0,0,97.0751953125,0,-46.73583984375,0
0,0,0,97.0751953125,0,-46.73583984375,0
0,0,0,97.0751953125,0,-46.73583984375,0
0,0,0,97.0751953125,0,-46.73583984375,0
0,0,0,97.0751953125,0,-46.73583984375,0
0,0,0,97.0751953125,0,-46.73583984375,0
0,0,0,97.0751953125,0,-46.73583984375,0
0,0,0,97.0751953125,0,-46.73583984375,0
0,0,0,97.0751953125,0,-46.73583984375,0
0,0,0,97.0751953125,0,-46.73583984375,0
0,0,0,97.0751953125,0,-46.73583984375,0
0,0,0,97.0751953125,0,-46.7578125,0
0,0,0,97.0751953125,0,-46.7578125,0
0,0,0,97.09716796875,0,-46.7578125,0
0,0,0,97.09716796875,0,-46.7578125,0
0,0,0,97.09716796875,0,-46.7578125,0
0,0,0,97.0751953125,0,-46.7578125,0
0,0,0,97.09716796875,0,-46.7578125,0
0,0,0,97.09716796875,0,-46.7578125,0
0,0,0,97.09716796875,0,-46.7578125,0
0,0,0,97.09716796875,0,-46.7578125,0
0,0,0,97.09716796875,0,-46.7578125,0
0,0,0,97.09716796875,0,-46.7578125,0
0,0,0,97.09716796875,0,-46.7578125,0
0,0,0,97.09716796875,0,-46.73583984375,0
0,0,0,97.09716796875,0,-46.73583984375,0
0,0,0,97.09716796875,0,-46.73583984375,0
0,0,0,97.09716796875,0,-46.73583984375,0
0,0,0,97.09716796875,0,-46.73583984375,0
0,0,0,97.09716796875,0,-46.7578125,0
0,0,0,97.09716796875,0,-46.73583984375,0
0,0,0,97.119140625,0,-46.73583984375,0
0,0,0,97.119140625,0,-46.73583984375,0
0,0,0,97.119140625,0,-46.73583984375,0
0,0,0,97.119140625,0,-46.73583984375,0
0,0,0,97.119140625,0,-46.73583984375,0
0,0,0,97.119140625,0,-46.7578125,0
0,0,0,97.119140625,0,-46.7578125,0
0,0,0,97.119140625,0,-46.7578125,0
0,0,0,97.119140625,0,-46.7578125,0
0,0,0,97.119140625,0,-46.73583984375,0
0,0,0,97.119140625,0,-46.73583984375,0
0,0,0,97.119140625,0,-46.73583984375,0
0,0,0,97.119140625,0,-46.73583984375,0
0,0,0,97.14111328125,0,-46.73583984375,0
0,0,0,97.14111328125,0,-46.73583984375,0
0,0,0,97.14111328125,0,-46.73583984375,0
0,0,0,97.14111328125,0,-46.73583984375,0
0,0,0,97.14111328125,0,-46.73583984375,0
0,0,0,97.14111328125,0,-46.73583984375,0
0,0,0,97.14111328125,0,-46.73583984375,0
0,0,0,97.14111328125,0,-46.73583984375,0
0,0,0,97.14111328125,0,-46.73583984375,0
0,0,0,97.14111328125,0,-46.73583984375,0
0,0,0,97.14111328125,0,-46.73583984375,0
0,0,0,97.14111328125,0,-46.73583984375,0
0,0,0,97.14111328125,0,-46.73583984375,0
0,0,0,97.14111328125,0,-46.73583984375,0
0,0,0,97.14111328125,0,-46.73583984375,0
0,0,0,97.1630859375,0,-46.7578125,0
0,0,0,97.1630859375,0,-46.7578125,0
0,0,0,97.1630859375,0,-46.7578125,0
0,0,0,97.1630859375,0,-46.7578125,0
0,0,0,97.1630859375,0,-46.7578125,0
0,0,0,97.1630859375,0,-46.7578125,0
0,0,0,97.1630859375,0,-46.7578125,0
0,0,0,97.1630859375,0,-46.7578125,0
0,0,0,97.1630859375,0,-46.7578125,0
0,0,0,97.1630859375,0,-46.7578125,0
0,0,0,97.1630859375,0,-46.7578125,0
0,0,0,97.18505859375,0,-46.7578125,0
0,0,0,97.18505859375,0,-46.7578125,0
0,0,0,97.18505859375,0,-46.7578125,0
0,0,0,97.18505859375,0,-46.7578125,0
0,0,0,97.18505859375,0,-46.7578125,0
0,0,0,97.18505859375,0,-46.7578125,0
0,0,0,97.18505859375,0,-46.7578125,0
0,0,0,97.18505859375,0,-46.7578125,0
0,0,0,97.18505859375,0,-46.7578125,0
0,0,0,97.18505859375,0,-46.7578125,0
0,0,0,97.18505859375,0,-46.7578125,0
0,0,0,97.18505859375,0,-46.7578125,0
0,0,0,97.18505859375,0,-46.7578125,0
0,0,0,97.18505859375,0,-46.7578125,0
0,0,0,97.18505859375,0,-46.7578125,0
0,0,0,97.20703125,0,-46.7578125,0
0,0,0,97.20703125,0,-46.7578125,0
0,0,0,97.20703125,0,-46.7578125,0
0,0,0,97.20703125,0,-46.7578125,0
0,0,0,97.20703125,0,-46.7578125,0
0,0,0,97.20703125,0,-46.7578125,0
0,0,0,97.20703125,0,-46.7578125,0
0,0,0,97.20703125,0,-46.7578125,0
0,0,0,97.20703125,0,-46.7578125,0
0,0,0,97.20703125,0,-46.7578125,0
0,0,0,97.20703125,0,-46.7578125,0
0,0,0,97.20703125,0,-46.7578125,0
0,0,0,97.20703125,0,-46.77978515625,0
0,0,0,97.22900390625,0,-46.7578125,0
0,0,0,97.22900390625,0,-46.7578125,0
0,0,0,97.22900390625,0,-46.7578125,0
0,0,0,97.22900390625,0,-46.7578125,0
0,0,0,97.22900390625,0,-46.7578125,0
0,0,0,97.22900390625,0,-46.7578125,0
0,0,0,97.22900390625,0,-46.7578125,0
0,0,0,97.22900390625,0,-46.7578125,0
0,0,0,97.22900390625,0,-46.7578125,0
0,0,0,97.22900390625,0,-46.7578125,0
0,0,0,97.22900390625,0,-46.7578125,0
0,0,0,97.22900390625,0,-46.7578125,0
0,0,0,97.22900390625,0,-46.7578125,0
0,0,0,97.22900390625,0,-46.7578125,0
0,0,0,97.2509765625,0,-46.7578125,0
0,0,0,97.2509765625,0,-46.7578125,0
0,0,0,97.2509765625,0,-46.7578125,0
0,0,0,97.2509765625,0,-46.7578125,0
0,0,0,97.2509765625,0,-46.7578125,0
0,0,0,97.2509765625,0,-46.7578125,0
0,0,0,97.2509765625,0,-46.7578125,0
0,0,0,97.2509765625,0,-46.77978515625,0
0,0,0,97.2509765625,0,-46.77978515625,0
0,0,0,97.2509765625,0,-46.77978515625,0
0,0,0,97.2509765625,0,-46.77978515625,0
0,0,0,97.27294921875,0,-46.77978515625,0
0,0,0,97.2509765625,0,-46.77978515625,0
0,0,0,97.27294921875,0,-46.77978515625,0
0,0,0,97.27294921875,0,-46.77978515625,0
0,0,0,97.27294921875,0,-46.7578125,0
0,0,0,97.27294921875,0,-46.77978515625,0
0,0,0,97.27294921875,0,-46.77978515625,0
0,0,0,97.27294921875,0,-46.77978515625,0
0,0,0,97.27294921875,0,-46.77978515625,0
0,0,0,97.27294921875,0,-46.77978515625,0
0,0,0,97.27294921875,0,-46.77978515625,0
0,0,0,97.27294921875,0,-46.77978515625,0
0,0,0,97.27294921875,0,-46.77978515625,0
0,0,0,97.27294921875,0,-46.77978515625,0
0,0,0,97.27294921875,0,-46.77978515625,0
0,0,0,97.27294921875,0,-46.77978515625,0
0,0,0,97.294921875,0,-46.77978515625,0
0,0,0,97.27294921875,0,-46.77978515625,0
0,0,0,97.294921875,0,-46.77978515625,0
0,0,0,97.294921875,0,-46.77978515625,0
0,0,0,97.294921875,0,-46.77978515625,0
0,0,0,97.294921875,0,-46.77978515625,0
0,0,0,97.294921875,0,-46.77978515625,0
0,0,0,97.294921875,0,-46.77978515625,0
0,0,0,97.294921875,0,-46.77978515625,0
0,0,0,97.294921875,0,-46.77978515625,0
0,0,0,97.294921875,0,-46.77978515625,0
0,0,0,97.31689453125,0,-46.77978515625,0
0,0,0,97.31689453125,0,-46.77978515625,0
0,0,0,97.31689453125,0,-46.77978515625,0
0,0,0,97.31689453125,0,-46.77978515625,0
0,0,0,97.31689453125,0,-46.77978515625,0
0,0,0,97.31689453125,0,-46.77978515625,0
0,0,0,97.31689453125,0,-46.77978515625,0
0,0,0,97.31689453125,0,-46.77978515625,0
0,0,0,97.31689453125,0,-46.77978515625,0
0,0,0,97.3388671875,0,-46.77978515625,0
0,0,0,97.3388671875,0,-46.77978515625,0
0,0,0,97.3388671875,0,-46.77978515625,0
0,0,0,97.3388671875,0,-46.77978515625,0
0,0,0,97.3388671875,0,-46.77978515625,0
0,0,0,97.3388671875,0,-46.77978515625,0
0,0,0,97.3388671875,0,-46.77978515625,0
0,0,0,97.3388671875,0,-46.77978515625,0
0,0,0,97.3388671875,0,-46.77978515625,0
0,0,0,97.3388671875,0,-46.77978515625,0
0,0,0,97.36083984375,0,-46.7578125,0
0,0,0,97.36083984375,0,-46.77978515625,0
0,0,0,97.36083984375,0,-46.7578125,0
0,0,0,97.36083984375,0,-46.7578125,0
0,0,0,97.36083984375,0,-46.7578125,0
0,0,0,97.36083984375,0,-46.7578125,0
0,0,0,97.36083984375,0,-46.7578125,0
0,0,0,97.36083984375,0,-46.7578125,0
0,0,0,97.36083984375,0,-46.7578125,0
0,0,0,97.3828125,0,-46.7578125,0
0,0,0,97.3828125,0,-46.7578125,0
0,0,0,97.3828125,0,-46.7578125,0
0,0,0,97.3828125,0,-46.77978515625,0
0,0,0,97.3828125,0,-46.7578125,0
0,0,0,97.3828125,0,-46.77978515625,0
0,0,0,97.3828125,0,-46.7578125,0
0,0,0,97.40478515625,0,-46.7578125,0
0,0,0,97.3828125,0,-46.7578125,0
0,0,0,97.40478515625,0,-46.7578125,0
0,0,0,97.40478515625,0,-46.7578125,0
0,0,0,97.40478515625,0,-46.7578125,0
0,0,0,97.40478515625,0,-46.7578125,0
0,0,0,97.40478515625,0,-46.7578125,0
0,0,0,97.40478515625,0,-46.7578125,0
0,0,0,97.40478515625,0,-46.7578125,0
0,0,0,97.40478515625,0,-46.7578125,0
0,0,0,97.4267578125,0,-46.7578125,0
0,0,0,97.4267578125,0,-46.7578125,0
0,0,0,97.4267578125,0,-46.7578125,0
0,0,0,97.4267578125,0,-46.7578125,0
0,0,0,97.4267578125,0,-46.7578125,0
0,0,0,97.44873046875,0,-46.73583984375,0
0,0,0,97.3828125,0,-46.669921875,0
